,Datapoint No.,Predicted Class,Desired Class,Total Counterfactual Points,Total Common points
0,0,0,1,1,0
1,0,0,2,1,0
2,0,0,3,1,0
3,1,3,0,1,0
4,1,3,1,1,0
5,1,3,2,1,0
6,2,0,1,1,0
7,2,0,2,1,0
8,2,0,3,1,0
9,3,1,0,1,0
10,3,1,2,1,0
11,3,1,3,1,0
12,4,1,0,1,0
13,4,1,2,1,0
14,4,1,3,1,0
15,5,0,1,1,0
16,5,0,2,1,0
17,5,0,3,1,0
18,6,1,0,1,0
19,6,1,2,1,0
20,6,1,3,1,0
21,7,0,1,1,0
22,7,0,2,1,0
23,7,0,3,1,0
24,8,1,0,1,0
25,8,1,2,1,0
26,8,1,3,1,0
27,9,1,0,1,0
28,9,1,2,1,0
29,9,1,3,1,0
30,10,0,1,1,0
31,10,0,2,1,0
32,10,0,3,1,0
33,11,0,1,1,0
34,11,0,2,1,0
35,11,0,3,1,0
36,12,1,0,1,0
37,12,1,2,1,0
38,12,1,3,1,0
39,13,1,0,1,0
40,13,1,2,1,0
41,13,1,3,1,0
42,14,2,0,1,0
43,14,2,1,1,0
44,14,2,3,1,0
45,15,3,0,1,0
46,15,3,1,1,0
47,15,3,2,1,0
48,16,3,0,1,0
49,16,3,1,1,0
50,16,3,2,1,0
51,17,2,0,1,0
52,17,2,1,1,0
53,17,2,3,1,0
54,18,0,1,1,0
55,18,0,2,1,0
56,18,0,3,1,0
57,19,1,0,1,0
58,19,1,2,1,0
59,19,1,3,1,0
60,20,0,1,1,0
61,20,0,2,1,0
62,20,0,3,1,0
63,21,1,0,1,0
64,21,1,2,1,0
65,21,1,3,1,0
66,22,0,1,1,0
67,22,0,2,1,0
68,22,0,3,1,0
69,23,3,0,1,0
70,23,3,1,1,0
71,23,3,2,1,0
72,24,0,1,1,0
73,24,0,2,1,0
74,24,0,3,1,0
75,25,3,0,1,0
76,25,3,1,1,0
77,25,3,2,1,0
78,26,2,0,1,0
79,26,2,1,1,0
80,26,2,3,1,0
81,27,0,1,1,0
82,27,0,2,1,0
83,27,0,3,1,0
84,28,1,0,1,0
85,28,1,2,1,0
86,28,1,3,1,0
87,29,1,0,1,0
88,29,1,2,1,0
89,29,1,3,1,0
90,30,2,0,1,0
91,30,2,1,1,0
92,30,2,3,1,0
93,31,1,0,1,0
94,31,1,2,1,0
95,31,1,3,1,0
96,32,2,0,1,0
97,32,2,1,1,0
98,32,2,3,1,0
99,33,1,0,1,0
100,33,1,2,1,0
101,33,1,3,1,0
102,34,2,0,1,0
103,34,2,1,1,0
104,34,2,3,1,0
105,35,3,0,1,0
106,35,3,1,1,0
107,35,3,2,1,0
108,36,2,0,1,0
109,36,2,1,1,0
110,36,2,3,1,0
111,37,0,1,1,0
112,37,0,2,1,0
113,37,0,3,1,0
114,38,3,0,1,0
115,38,3,1,1,0
116,38,3,2,1,0
117,39,1,0,1,0
118,39,1,2,1,0
119,39,1,3,1,0
120,40,0,1,1,0
121,40,0,2,1,0
122,40,0,3,1,0
123,41,1,0,1,0
124,41,1,2,1,0
125,41,1,3,1,0
126,42,2,0,1,0
127,42,2,1,1,0
128,42,2,3,1,0
129,43,0,1,1,0
130,43,0,2,1,0
131,43,0,3,1,0
132,44,1,0,1,0
133,44,1,2,1,0
134,44,1,3,1,0
135,45,0,1,1,0
136,45,0,2,1,0
137,45,0,3,1,0
138,46,1,0,1,0
139,46,1,2,1,0
140,46,1,3,1,0
141,47,1,0,1,0
142,47,1,2,1,0
143,47,1,3,1,0
144,48,3,0,1,0
145,48,3,1,1,0
146,48,3,2,1,0
147,49,0,1,1,0
148,49,0,2,1,0
149,49,0,3,1,0
150,50,3,0,1,0
151,50,3,1,1,0
152,50,3,2,1,0
153,51,2,0,1,0
154,51,2,1,1,0
155,51,2,3,1,0
156,52,0,1,1,0
157,52,0,2,1,0
158,52,0,3,1,0
159,53,0,1,1,0
160,53,0,2,1,0
161,53,0,3,1,0
162,54,3,0,1,0
163,54,3,1,1,0
164,54,3,2,1,0
165,55,2,0,1,0
166,55,2,1,1,0
167,55,2,3,1,0
168,56,1,0,1,0
169,56,1,2,1,0
170,56,1,3,1,0
171,57,2,0,1,0
172,57,2,1,1,0
173,57,2,3,1,0
174,58,2,0,1,0
175,58,2,1,1,0
176,58,2,3,1,0
177,59,1,0,1,0
178,59,1,2,1,0
179,59,1,3,1,0
180,60,1,0,1,0
181,60,1,2,1,0
182,60,1,3,1,0
183,61,2,0,1,0
184,61,2,1,1,0
185,61,2,3,1,0
186,62,2,0,1,0
187,62,2,1,1,0
188,62,2,3,1,0
189,63,2,0,1,0
190,63,2,1,1,0
191,63,2,3,1,0
192,64,1,0,1,0
193,64,1,2,1,0
194,64,1,3,1,0
195,65,1,0,1,0
196,65,1,2,1,0
197,65,1,3,1,0
198,66,2,0,1,0
199,66,2,1,1,0
200,66,2,3,1,0
201,67,3,0,1,0
202,67,3,1,1,0
203,67,3,2,1,0
204,68,2,0,1,0
205,68,2,1,1,0
206,68,2,3,1,0
207,69,2,0,1,0
208,69,2,1,1,0
209,69,2,3,1,0
210,70,1,0,1,0
211,70,1,2,1,0
212,70,1,3,1,0
213,71,3,0,1,0
214,71,3,1,1,0
215,71,3,2,1,0
216,72,0,1,1,0
217,72,0,2,1,0
218,72,0,3,1,0
219,73,2,0,1,0
220,73,2,1,1,0
221,73,2,3,1,0
222,74,1,0,1,0
223,74,1,2,1,0
224,74,1,3,1,0
225,75,2,0,1,0
226,75,2,1,1,0
227,75,2,3,1,0
228,76,0,1,1,0
229,76,0,2,1,0
230,76,0,3,1,0
231,77,3,0,1,0
232,77,3,1,1,0
233,77,3,2,1,0
234,78,2,0,1,0
235,78,2,1,1,0
236,78,2,3,1,0
237,79,2,0,1,0
238,79,2,1,1,0
239,79,2,3,1,0
240,80,3,0,1,0
241,80,3,1,1,0
242,80,3,2,1,0
243,81,0,1,1,0
244,81,0,2,1,0
245,81,0,3,1,0
246,82,2,0,1,0
247,82,2,1,1,0
248,82,2,3,1,0
249,83,2,0,1,0
250,83,2,1,1,0
251,83,2,3,1,0
252,84,0,1,1,0
253,84,0,2,1,0
254,84,0,3,1,0
255,85,2,0,1,0
256,85,2,1,1,0
257,85,2,3,1,0
258,86,0,1,1,0
259,86,0,2,1,0
260,86,0,3,1,0
261,87,1,0,1,0
262,87,1,2,1,0
263,87,1,3,1,0
264,88,3,0,1,0
265,88,3,1,1,0
266,88,3,2,1,0
267,89,0,1,1,0
268,89,0,2,1,0
269,89,0,3,1,0
270,90,2,0,1,0
271,90,2,1,1,0
272,90,2,3,1,0
273,91,3,0,1,0
274,91,3,1,1,0
275,91,3,2,1,0
276,92,3,0,1,0
277,92,3,1,1,0
278,92,3,2,1,0
279,93,1,0,1,0
280,93,1,2,1,0
281,93,1,3,1,0
282,94,3,0,1,0
283,94,3,1,1,0
284,94,3,2,1,0
285,95,1,0,1,0
286,95,1,2,1,0
287,95,1,3,1,0
288,96,2,0,1,0
289,96,2,1,1,0
290,96,2,3,1,0
291,97,0,1,1,0
292,97,0,2,1,0
293,97,0,3,1,0
294,98,1,0,1,0
295,98,1,2,1,0
296,98,1,3,1,0
297,99,2,0,1,0
298,99,2,1,1,0
299,99,2,3,1,0
300,100,0,1,1,0
301,100,0,2,1,0
302,100,0,3,1,0
303,101,0,1,1,0
304,101,0,2,1,0
305,101,0,3,1,0
306,102,2,0,1,0
307,102,2,1,1,0
308,102,2,3,1,0
309,103,1,0,1,0
310,103,1,2,1,0
311,103,1,3,1,0
312,104,0,1,1,0
313,104,0,2,1,0
314,104,0,3,1,0
315,105,3,0,1,0
316,105,3,1,1,0
317,105,3,2,1,0
318,106,2,0,1,0
319,106,2,1,1,0
320,106,2,3,1,0
321,107,0,1,1,0
322,107,0,2,1,0
323,107,0,3,0,0
324,108,2,0,1,0
325,108,2,1,1,0
326,108,2,3,1,0
327,109,3,0,1,0
328,109,3,1,1,0
329,109,3,2,1,0
330,110,0,1,1,0
331,110,0,2,1,0
332,110,0,3,1,0
333,111,0,1,1,0
334,111,0,2,1,0
335,111,0,3,1,0
336,112,3,0,1,0
337,112,3,1,1,0
338,112,3,2,1,0
339,113,0,1,1,0
340,113,0,2,1,0
341,113,0,3,1,0
342,114,2,0,1,0
343,114,2,1,1,0
344,114,2,3,1,0
345,115,2,0,1,0
346,115,2,1,1,0
347,115,2,3,1,0
348,116,1,0,1,0
349,116,1,2,1,0
350,116,1,3,1,0
351,117,2,0,1,0
352,117,2,1,1,0
353,117,2,3,1,0
354,118,0,1,1,0
355,118,0,2,1,0
356,118,0,3,1,0
357,119,3,0,1,0
358,119,3,1,1,0
359,119,3,2,1,0
360,120,0,1,1,0
361,120,0,2,1,0
362,120,0,3,1,0
363,121,2,0,1,0
364,121,2,1,1,0
365,121,2,3,1,0
366,122,3,0,1,0
367,122,3,1,1,0
368,122,3,2,1,0
369,123,1,0,1,0
370,123,1,2,1,0
371,123,1,3,1,0
372,124,1,0,1,0
373,124,1,2,1,0
374,124,1,3,1,0
375,125,1,0,1,0
376,125,1,2,1,0
377,125,1,3,1,0
378,126,0,1,1,0
379,126,0,2,1,0
380,126,0,3,1,0
381,127,0,1,1,0
382,127,0,2,1,0
383,127,0,3,1,0
384,128,1,0,1,0
385,128,1,2,1,0
386,128,1,3,1,0
387,129,2,0,1,0
388,129,2,1,1,0
389,129,2,3,1,0
390,130,2,0,1,0
391,130,2,1,1,0
392,130,2,3,1,0
393,131,0,1,1,0
394,131,0,2,1,0
395,131,0,3,1,0
396,132,1,0,1,0
397,132,1,2,1,0
398,132,1,3,1,0
399,133,2,0,1,0
400,133,2,1,1,0
401,133,2,3,1,0
402,134,0,1,1,0
403,134,0,2,1,0
404,134,0,3,1,0
405,135,2,0,1,0
406,135,2,1,1,0
407,135,2,3,1,0
408,136,1,0,1,0
409,136,1,2,1,0
410,136,1,3,1,0
411,137,0,1,1,0
412,137,0,2,1,0
413,137,0,3,1,0
414,138,2,0,1,0
415,138,2,1,1,0
416,138,2,3,1,0
417,139,2,0,1,0
418,139,2,1,1,0
419,139,2,3,1,0
420,140,1,0,1,0
421,140,1,2,1,0
422,140,1,3,1,0
423,141,0,1,1,0
424,141,0,2,1,0
425,141,0,3,1,0
426,142,3,0,1,0
427,142,3,1,1,0
428,142,3,2,1,0
429,143,1,0,1,0
430,143,1,2,1,0
431,143,1,3,1,0
432,144,2,0,1,0
433,144,2,1,1,0
434,144,2,3,0,0
435,145,0,1,1,0
436,145,0,2,1,0
437,145,0,3,1,0
438,146,2,0,1,0
439,146,2,1,1,0
440,146,2,3,1,0
441,147,0,1,1,0
442,147,0,2,1,0
443,147,0,3,1,0
444,148,1,0,1,0
445,148,1,2,1,0
446,148,1,3,1,0
447,149,0,1,1,0
448,149,0,2,1,0
449,149,0,3,1,0
450,150,3,0,1,0
451,150,3,1,1,0
452,150,3,2,1,0
453,151,1,0,1,0
454,151,1,2,1,0
455,151,1,3,1,0
456,152,1,0,1,0
457,152,1,2,1,0
458,152,1,3,1,0
459,153,1,0,1,0
460,153,1,2,1,0
461,153,1,3,1,0
462,154,2,0,1,0
463,154,2,1,1,0
464,154,2,3,1,0
465,155,1,0,1,0
466,155,1,2,1,0
467,155,1,3,1,0
468,156,0,1,1,0
469,156,0,2,1,0
470,156,0,3,1,0
471,157,1,0,1,0
472,157,1,2,1,0
473,157,1,3,1,0
474,158,1,0,1,0
475,158,1,2,1,0
476,158,1,3,1,0
477,159,2,0,1,0
478,159,2,1,1,0
479,159,2,3,1,0
480,160,0,1,1,0
481,160,0,2,1,0
482,160,0,3,1,0
483,161,2,0,1,0
484,161,2,1,1,0
485,161,2,3,1,0
486,162,3,0,1,0
487,162,3,1,1,0
488,162,3,2,1,0
489,163,3,0,1,0
490,163,3,1,1,0
491,163,3,2,1,0
492,164,2,0,1,0
493,164,2,1,1,0
494,164,2,3,1,0
495,165,0,1,1,0
496,165,0,2,1,0
497,165,0,3,1,0
498,166,1,0,1,0
499,166,1,2,1,0
500,166,1,3,1,0
501,167,1,0,1,0
502,167,1,2,1,0
503,167,1,3,1,0
504,168,3,0,1,0
505,168,3,1,1,0
506,168,3,2,1,0
507,169,2,0,1,0
508,169,2,1,1,0
509,169,2,3,1,0
510,170,2,0,1,0
511,170,2,1,1,0
512,170,2,3,1,0
513,171,1,0,1,0
514,171,1,2,1,0
515,171,1,3,1,0
516,172,1,0,1,0
517,172,1,2,1,0
518,172,1,3,1,0
519,173,0,1,1,0
520,173,0,2,1,0
521,173,0,3,1,0
522,174,3,0,1,0
523,174,3,1,1,0
524,174,3,2,1,0
525,175,0,1,1,0
526,175,0,2,1,0
527,175,0,3,1,0
528,176,2,0,1,0
529,176,2,1,1,0
530,176,2,3,1,0
531,177,2,0,1,0
532,177,2,1,1,0
533,177,2,3,1,0
534,178,1,0,1,0
535,178,1,2,1,0
536,178,1,3,1,0
537,179,2,0,1,0
538,179,2,1,1,0
539,179,2,3,1,0
540,180,0,1,1,0
541,180,0,2,1,0
542,180,0,3,1,0
543,181,0,1,1,0
544,181,0,2,1,0
545,181,0,3,1,0
546,182,2,0,1,0
547,182,2,1,1,0
548,182,2,3,1,0
549,183,1,0,1,0
550,183,1,2,1,0
551,183,1,3,1,0
552,184,3,0,1,0
553,184,3,1,1,0
554,184,3,2,1,0
555,185,2,0,1,0
556,185,2,1,1,0
557,185,2,3,1,0
558,186,0,1,1,0
559,186,0,2,1,0
560,186,0,3,1,0
561,187,0,1,1,0
562,187,0,2,1,0
563,187,0,3,1,0
564,188,0,1,1,0
565,188,0,2,1,0
566,188,0,3,1,0
567,189,1,0,1,0
568,189,1,2,1,0
569,189,1,3,1,0
570,190,0,1,1,0
571,190,0,2,1,0
572,190,0,3,0,0
573,191,0,1,1,0
574,191,0,2,1,0
575,191,0,3,1,0
576,192,0,1,1,0
577,192,0,2,1,0
578,192,0,3,1,0
579,193,1,0,1,0
580,193,1,2,1,0
581,193,1,3,1,0
582,194,0,1,1,0
583,194,0,2,1,0
584,194,0,3,1,0
585,195,3,0,1,0
586,195,3,1,1,0
587,195,3,2,1,0
588,196,3,0,1,0
589,196,3,1,1,0
590,196,3,2,1,0
591,197,0,1,1,0
592,197,0,2,1,0
593,197,0,3,1,0
594,198,1,0,1,0
595,198,1,2,1,0
596,198,1,3,1,0
597,199,2,0,1,0
598,199,2,1,1,0
599,199,2,3,1,0
600,200,2,0,1,0
601,200,2,1,1,0
602,200,2,3,1,0
603,201,1,0,1,0
604,201,1,2,1,0
605,201,1,3,1,0
606,202,0,1,1,0
607,202,0,2,1,0
608,202,0,3,1,0
609,203,2,0,1,0
610,203,2,1,1,0
611,203,2,3,1,0
612,204,2,0,1,0
613,204,2,1,1,0
614,204,2,3,1,0
615,205,1,0,1,0
616,205,1,2,1,0
617,205,1,3,1,0
618,206,0,1,1,0
619,206,0,2,1,0
620,206,0,3,1,0
621,207,2,0,1,0
622,207,2,1,1,0
623,207,2,3,1,0
624,208,0,1,1,0
625,208,0,2,1,0
626,208,0,3,1,0
627,209,2,0,1,0
628,209,2,1,1,0
629,209,2,3,1,0
630,210,0,1,1,0
631,210,0,2,1,0
632,210,0,3,1,0
633,211,3,0,1,0
634,211,3,1,1,0
635,211,3,2,1,0
636,212,2,0,1,0
637,212,2,1,1,0
638,212,2,3,1,0
639,213,1,0,1,0
640,213,1,2,1,0
641,213,1,3,1,0
642,214,1,0,1,0
643,214,1,2,1,0
644,214,1,3,1,0
645,215,2,0,1,0
646,215,2,1,1,0
647,215,2,3,1,0
648,216,0,1,1,0
649,216,0,2,1,0
650,216,0,3,1,0
651,217,2,0,1,0
652,217,2,1,1,0
653,217,2,3,1,0
654,218,0,1,1,0
655,218,0,2,1,0
656,218,0,3,1,0
657,219,1,0,1,0
658,219,1,2,1,0
659,219,1,3,1,0
660,220,2,0,1,0
661,220,2,1,1,0
662,220,2,3,1,0
663,221,1,0,1,0
664,221,1,2,1,0
665,221,1,3,1,0
666,222,2,0,1,0
667,222,2,1,1,0
668,222,2,3,1,0
669,223,0,1,1,0
670,223,0,2,1,0
671,223,0,3,1,0
672,224,0,1,1,0
673,224,0,2,1,0
674,224,0,3,1,0
675,225,0,1,1,0
676,225,0,2,1,0
677,225,0,3,1,0
678,226,0,1,1,0
679,226,0,2,1,0
680,226,0,3,1,0
681,227,2,0,1,0
682,227,2,1,1,1
683,227,2,3,1,0
684,228,1,0,1,0
685,228,1,2,1,0
686,228,1,3,1,0
687,229,0,1,1,0
688,229,0,2,1,0
689,229,0,3,1,0
690,230,1,0,1,0
691,230,1,2,1,0
692,230,1,3,1,0
693,231,1,0,1,0
694,231,1,2,1,0
695,231,1,3,1,0
696,232,3,0,1,0
697,232,3,1,1,0
698,232,3,2,1,0
699,233,2,0,1,0
700,233,2,1,1,0
701,233,2,3,1,0
702,234,2,0,1,0
703,234,2,1,1,0
704,234,2,3,1,0
705,235,0,1,1,0
706,235,0,2,1,0
707,235,0,3,1,0
708,236,2,0,1,0
709,236,2,1,1,0
710,236,2,3,1,0
711,237,3,0,1,0
712,237,3,1,1,0
713,237,3,2,1,0
714,238,1,0,1,0
715,238,1,2,1,0
716,238,1,3,1,0
717,239,0,1,1,0
718,239,0,2,1,0
719,239,0,3,1,0
720,240,1,0,1,0
721,240,1,2,1,0
722,240,1,3,1,0
723,241,2,0,1,0
724,241,2,1,1,0
725,241,2,3,1,0
726,242,1,0,1,0
727,242,1,2,1,0
728,242,1,3,1,0
729,243,3,0,1,0
730,243,3,1,1,0
731,243,3,2,1,0
732,244,0,1,1,0
733,244,0,2,1,0
734,244,0,3,1,0
735,245,2,0,1,0
736,245,2,1,1,0
737,245,2,3,1,0
738,246,1,0,1,0
739,246,1,2,1,0
740,246,1,3,1,0
741,247,1,0,1,0
742,247,1,2,1,0
743,247,1,3,1,0
744,248,2,0,1,0
745,248,2,1,1,0
746,248,2,3,1,0
747,249,2,0,1,0
748,249,2,1,1,0
749,249,2,3,1,0
750,250,2,0,1,0
751,250,2,1,1,0
752,250,2,3,1,0
753,251,0,1,1,0
754,251,0,2,1,0
755,251,0,3,1,0
756,252,2,0,1,0
757,252,2,1,1,0
758,252,2,3,1,0
759,253,2,0,1,0
760,253,2,1,1,0
761,253,2,3,1,0
762,254,2,0,1,0
763,254,2,1,1,0
764,254,2,3,1,0
765,255,2,0,1,0
766,255,2,1,1,0
767,255,2,3,1,0
768,256,3,0,1,0
769,256,3,1,1,0
770,256,3,2,1,0
771,257,3,0,1,0
772,257,3,1,1,0
773,257,3,2,1,0
774,258,2,0,1,0
775,258,2,1,1,0
776,258,2,3,1,0
777,259,2,0,1,0
778,259,2,1,1,0
779,259,2,3,1,0
780,260,2,0,1,0
781,260,2,1,1,0
782,260,2,3,1,0
783,261,0,1,1,0
784,261,0,2,1,0
785,261,0,3,1,0
786,262,2,0,1,0
787,262,2,1,1,0
788,262,2,3,1,0
789,263,1,0,1,0
790,263,1,2,1,0
791,263,1,3,1,0
792,264,1,0,1,0
793,264,1,2,1,0
794,264,1,3,1,0
795,265,0,1,1,0
796,265,0,2,1,0
797,265,0,3,1,0
798,266,2,0,1,0
799,266,2,1,1,0
800,266,2,3,1,0
801,267,0,1,1,0
802,267,0,2,1,0
803,267,0,3,1,0
804,268,2,0,1,0
805,268,2,1,1,0
806,268,2,3,1,0
807,269,3,0,1,0
808,269,3,1,1,0
809,269,3,2,1,0
810,270,1,0,1,0
811,270,1,2,1,0
812,270,1,3,1,0
813,271,0,1,1,0
814,271,0,2,1,0
815,271,0,3,1,0
816,272,1,0,1,0
817,272,1,2,1,0
818,272,1,3,1,0
819,273,2,0,1,0
820,273,2,1,1,0
821,273,2,3,1,0
822,274,2,0,1,0
823,274,2,1,1,0
824,274,2,3,1,0
825,275,2,0,1,0
826,275,2,1,1,0
827,275,2,3,1,0
828,276,0,1,1,0
829,276,0,2,1,0
830,276,0,3,1,0
831,277,3,0,1,0
832,277,3,1,1,0
833,277,3,2,1,0
834,278,1,0,1,0
835,278,1,2,1,0
836,278,1,3,1,0
837,279,1,0,1,0
838,279,1,2,1,0
839,279,1,3,1,0
840,280,3,0,1,0
841,280,3,1,1,0
842,280,3,2,1,0
843,281,1,0,1,0
844,281,1,2,1,0
845,281,1,3,1,0
846,282,0,1,1,0
847,282,0,2,1,0
848,282,0,3,1,0
849,283,3,0,1,0
850,283,3,1,1,0
851,283,3,2,1,0
852,284,1,0,1,0
853,284,1,2,1,0
854,284,1,3,1,0
855,285,2,0,1,0
856,285,2,1,1,0
857,285,2,3,1,0
858,286,1,0,1,0
859,286,1,2,1,0
860,286,1,3,1,0
861,287,2,0,1,0
862,287,2,1,1,0
863,287,2,3,1,0
864,288,1,0,1,0
865,288,1,2,1,0
866,288,1,3,1,0
867,289,0,1,1,0
868,289,0,2,1,0
869,289,0,3,1,0
870,290,3,0,1,0
871,290,3,1,1,0
872,290,3,2,1,0
873,291,1,0,1,0
874,291,1,2,1,0
875,291,1,3,1,0
876,292,2,0,1,0
877,292,2,1,1,0
878,292,2,3,1,0
879,293,2,0,1,0
880,293,2,1,1,0
881,293,2,3,1,0
882,294,0,1,1,0
883,294,0,2,1,0
884,294,0,3,1,0
885,295,0,1,1,0
886,295,0,2,1,0
887,295,0,3,1,0
888,296,1,0,1,0
889,296,1,2,1,0
890,296,1,3,1,0
891,297,0,1,1,0
892,297,0,2,1,0
893,297,0,3,1,0
894,298,0,1,1,0
895,298,0,2,1,0
896,298,0,3,1,0
897,299,2,0,1,0
898,299,2,1,1,0
899,299,2,3,1,0
900,300,2,0,1,0
901,300,2,1,1,0
902,300,2,3,1,0
903,301,0,1,1,0
904,301,0,2,1,0
905,301,0,3,1,0
906,302,1,0,1,0
907,302,1,2,1,0
908,302,1,3,1,0
909,303,2,0,1,0
910,303,2,1,1,0
911,303,2,3,1,0
912,304,0,1,1,0
913,304,0,2,1,0
914,304,0,3,1,0
915,305,0,1,1,0
916,305,0,2,1,0
917,305,0,3,1,0
918,306,2,0,1,0
919,306,2,1,1,0
920,306,2,3,1,0
921,307,1,0,1,0
922,307,1,2,1,0
923,307,1,3,1,0
924,308,1,0,1,0
925,308,1,2,1,0
926,308,1,3,1,0
927,309,3,0,1,0
928,309,3,1,1,0
929,309,3,2,0,0
930,310,3,0,1,0
931,310,3,1,1,0
932,310,3,2,1,0
933,311,2,0,1,0
934,311,2,1,1,0
935,311,2,3,1,0
936,312,3,0,1,0
937,312,3,1,1,0
938,312,3,2,1,0
939,313,0,1,1,0
940,313,0,2,1,0
941,313,0,3,1,0
942,314,0,1,1,0
943,314,0,2,1,0
944,314,0,3,1,0
945,315,0,1,1,0
946,315,0,2,1,0
947,315,0,3,1,0
948,316,1,0,1,0
949,316,1,2,1,0
950,316,1,3,1,0
951,317,0,1,1,0
952,317,0,2,1,0
953,317,0,3,1,0
954,318,0,1,1,0
955,318,0,2,1,0
956,318,0,3,1,0
957,319,0,1,1,0
958,319,0,2,1,0
959,319,0,3,1,0
960,320,1,0,1,0
961,320,1,2,1,0
962,320,1,3,1,0
963,321,2,0,1,0
964,321,2,1,1,0
965,321,2,3,1,0
966,322,2,0,1,0
967,322,2,1,1,0
968,322,2,3,1,0
969,323,2,0,1,0
970,323,2,1,1,0
971,323,2,3,1,0
972,324,1,0,1,0
973,324,1,2,1,0
974,324,1,3,1,0
975,325,0,1,1,0
976,325,0,2,1,0
977,325,0,3,1,0
978,326,2,0,1,0
979,326,2,1,1,0
980,326,2,3,1,0
981,327,1,0,1,0
982,327,1,2,1,0
983,327,1,3,1,0
984,328,1,0,1,0
985,328,1,2,1,0
986,328,1,3,1,0
987,329,2,0,1,0
988,329,2,1,1,0
989,329,2,3,1,0
990,330,2,0,1,0
991,330,2,1,1,0
992,330,2,3,1,0
993,331,0,1,1,0
994,331,0,2,1,0
995,331,0,3,1,0
996,332,1,0,1,0
997,332,1,2,1,0
998,332,1,3,1,0
999,333,2,0,1,0
1000,333,2,1,1,0
1001,333,2,3,1,0
1002,334,2,0,1,0
1003,334,2,1,1,0
1004,334,2,3,1,0
1005,335,0,1,1,0
1006,335,0,2,1,0
1007,335,0,3,1,0
1008,336,3,0,1,0
1009,336,3,1,1,0
1010,336,3,2,1,0
1011,337,0,1,1,0
1012,337,0,2,1,0
1013,337,0,3,1,0
1014,338,1,0,1,0
1015,338,1,2,1,0
1016,338,1,3,1,0
1017,339,1,0,1,0
1018,339,1,2,1,0
1019,339,1,3,1,0
1020,340,1,0,1,0
1021,340,1,2,1,0
1022,340,1,3,1,0
1023,341,3,0,1,0
1024,341,3,1,1,0
1025,341,3,2,1,0
1026,342,0,1,1,0
1027,342,0,2,1,0
1028,342,0,3,1,0
1029,343,0,1,1,0
1030,343,0,2,1,0
1031,343,0,3,1,0
1032,344,0,1,1,0
1033,344,0,2,1,0
1034,344,0,3,1,0
1035,345,2,0,1,0
1036,345,2,1,1,0
1037,345,2,3,1,0
1038,346,2,0,1,0
1039,346,2,1,1,0
1040,346,2,3,1,0
1041,347,0,1,1,0
1042,347,0,2,1,0
1043,347,0,3,1,0
1044,348,1,0,1,0
1045,348,1,2,1,0
1046,348,1,3,1,0
1047,349,1,0,1,0
1048,349,1,2,1,0
1049,349,1,3,1,0
1050,350,2,0,1,0
1051,350,2,1,1,0
1052,350,2,3,1,0
1053,351,0,1,1,0
1054,351,0,2,1,0
1055,351,0,3,1,0
1056,352,0,1,1,0
1057,352,0,2,1,0
1058,352,0,3,1,0
1059,353,3,0,1,0
1060,353,3,1,1,0
1061,353,3,2,1,0
1062,354,3,0,1,0
1063,354,3,1,1,0
1064,354,3,2,1,0
1065,355,0,1,1,0
1066,355,0,2,1,0
1067,355,0,3,1,0
1068,356,1,0,1,0
1069,356,1,2,1,0
1070,356,1,3,1,0
1071,357,1,0,1,0
1072,357,1,2,1,0
1073,357,1,3,1,0
1074,358,0,1,1,0
1075,358,0,2,1,0
1076,358,0,3,1,0
1077,359,3,0,1,0
1078,359,3,1,1,0
1079,359,3,2,1,0
1080,360,1,0,1,0
1081,360,1,2,1,0
1082,360,1,3,1,0
1083,361,0,1,1,0
1084,361,0,2,1,0
1085,361,0,3,1,0
1086,362,1,0,1,0
1087,362,1,2,1,0
1088,362,1,3,1,0
1089,363,1,0,1,0
1090,363,1,2,1,0
1091,363,1,3,1,0
1092,364,2,0,1,0
1093,364,2,1,1,0
1094,364,2,3,1,0
1095,365,3,0,1,0
1096,365,3,1,1,0
1097,365,3,2,1,0
1098,366,0,1,1,0
1099,366,0,2,1,0
1100,366,0,3,1,0
1101,367,2,0,1,0
1102,367,2,1,1,0
1103,367,2,3,1,0
1104,368,0,1,1,0
1105,368,0,2,1,0
1106,368,0,3,1,0
1107,369,2,0,1,0
1108,369,2,1,1,0
1109,369,2,3,1,0
1110,370,3,0,1,0
1111,370,3,1,1,0
1112,370,3,2,1,0
1113,371,3,0,1,0
1114,371,3,1,1,0
1115,371,3,2,1,0
1116,372,3,0,1,0
1117,372,3,1,1,0
1118,372,3,2,1,0
1119,373,1,0,1,0
1120,373,1,2,1,0
1121,373,1,3,1,0
1122,374,2,0,1,0
1123,374,2,1,1,0
1124,374,2,3,1,0
1125,375,1,0,1,0
1126,375,1,2,1,0
1127,375,1,3,1,0
1128,376,1,0,1,0
1129,376,1,2,1,0
1130,376,1,3,1,0
1131,377,3,0,1,0
1132,377,3,1,1,0
1133,377,3,2,1,0
1134,378,1,0,1,0
1135,378,1,2,1,0
1136,378,1,3,1,0
1137,379,2,0,1,0
1138,379,2,1,1,0
1139,379,2,3,1,0
1140,380,2,0,1,0
1141,380,2,1,1,0
1142,380,2,3,1,0
1143,381,0,1,1,0
1144,381,0,2,1,0
1145,381,0,3,1,0
1146,382,2,0,1,0
1147,382,2,1,1,0
1148,382,2,3,1,0
1149,383,3,0,1,0
1150,383,3,1,1,0
1151,383,3,2,1,0
1152,384,0,1,1,0
1153,384,0,2,1,0
1154,384,0,3,1,0
1155,385,1,0,1,0
1156,385,1,2,1,0
1157,385,1,3,1,0
1158,386,1,0,1,0
1159,386,1,2,1,0
1160,386,1,3,1,0
1161,387,3,0,1,0
1162,387,3,1,1,0
1163,387,3,2,1,0
1164,388,1,0,1,0
1165,388,1,2,1,0
1166,388,1,3,1,0
1167,389,1,0,1,0
1168,389,1,2,1,0
1169,389,1,3,1,0
1170,390,2,0,1,0
1171,390,2,1,1,0
1172,390,2,3,1,0
1173,391,3,0,1,0
1174,391,3,1,1,0
1175,391,3,2,1,0
1176,392,0,1,1,0
1177,392,0,2,1,0
1178,392,0,3,1,0
1179,393,0,1,1,0
1180,393,0,2,1,0
1181,393,0,3,1,0
1182,394,2,0,1,0
1183,394,2,1,1,0
1184,394,2,3,1,0
1185,395,2,0,1,0
1186,395,2,1,1,0
1187,395,2,3,1,0
1188,396,1,0,1,0
1189,396,1,2,1,0
1190,396,1,3,1,0
1191,397,1,0,1,0
1192,397,1,2,1,0
1193,397,1,3,1,0
1194,398,0,1,1,0
1195,398,0,2,1,0
1196,398,0,3,1,0
1197,399,2,0,1,0
1198,399,2,1,1,0
1199,399,2,3,1,0
