,Datapoint No.,P,Q,Total Counterfactual Points,SHAP fields,Common Points
0,0,2,0,0,8,0
1,0,2,1,0,2,0
2,0,2,3,17,8,0
3,0,2,4,1,9,0
4,0,2,5,0,9,0
5,1,2,0,0,6,0
6,1,2,1,0,4,0
7,1,2,3,3,6,0
8,1,2,4,0,7,0
9,1,2,5,0,7,0
10,2,2,0,0,5,0
11,2,2,1,0,5,0
12,2,2,3,32,6,0
13,2,2,4,3,6,0
14,2,2,5,0,6,0
15,3,2,0,0,7,0
16,3,2,1,0,4,0
17,3,2,3,29,7,0
18,3,2,4,2,7,0
19,3,2,5,0,7,0
20,4,3,0,0,2,0
21,4,3,1,0,6,0
22,4,3,2,15,7,0
23,4,3,4,2,5,0
24,4,3,5,0,4,0
25,5,2,0,0,5,0
26,5,2,1,0,5,0
27,5,2,3,23,5,0
28,5,2,4,3,7,0
29,5,2,5,0,6,0
30,6,2,0,0,4,0
31,6,2,1,0,3,0
32,6,2,3,0,4,0
33,6,2,4,0,7,0
34,6,2,5,0,7,0
35,7,2,0,0,8,0
36,7,2,1,0,3,0
37,7,2,3,21,8,0
38,7,2,4,5,8,0
39,7,2,5,0,8,0
40,8,3,0,0,2,0
41,8,3,1,0,8,0
42,8,3,2,36,8,0
43,8,3,4,1,3,0
44,8,3,5,0,3,0
45,9,3,0,0,3,0
46,9,3,1,0,6,0
47,9,3,2,20,7,0
48,9,3,4,0,5,0
49,9,3,5,0,5,0
50,10,3,0,0,4,0
51,10,3,1,0,5,0
52,10,3,2,11,6,0
53,10,3,4,6,6,0
54,10,3,5,0,5,0
55,11,2,0,0,7,0
56,11,2,1,0,4,0
57,11,2,3,27,7,0
58,11,2,4,1,7,0
59,11,2,5,0,7,0
60,12,2,0,0,4,0
61,12,2,1,0,5,0
62,12,2,3,27,5,0
63,12,2,4,1,5,0
64,12,2,5,0,5,0
65,13,2,0,0,6,0
66,13,2,1,0,4,0
67,13,2,3,29,6,0
68,13,2,4,2,7,0
69,13,2,5,0,7,0
70,14,2,0,0,5,0
71,14,2,1,0,6,0
72,14,2,3,32,5,0
73,14,2,4,0,5,0
74,14,2,5,0,5,0
75,15,4,0,0,7,0
76,15,4,1,0,7,0
77,15,4,2,9,7,0
78,15,4,3,34,7,0
79,15,4,5,0,4,0
80,16,2,0,0,7,0
81,16,2,1,0,3,0
82,16,2,3,6,7,0
83,16,2,4,0,8,0
84,16,2,5,0,8,0
85,17,2,0,0,6,0
86,17,2,1,0,3,0
87,17,2,3,18,7,0
88,17,2,4,2,7,0
89,17,2,5,0,7,0
90,18,4,0,0,8,0
91,18,4,1,0,9,0
92,18,4,2,9,9,0
93,18,4,3,40,7,0
94,18,4,5,0,2,0
95,19,2,0,0,7,0
96,19,2,1,0,5,0
97,19,2,3,9,7,0
98,19,2,4,0,7,0
99,19,2,5,0,6,0
100,20,3,0,0,5,0
101,20,3,1,0,6,0
102,20,3,2,23,6,0
103,20,3,4,1,5,0
104,20,3,5,0,5,0
105,21,2,0,0,6,0
106,21,2,1,0,4,0
107,21,2,3,14,7,0
108,21,2,4,0,7,0
109,21,2,5,0,7,0
110,22,3,0,0,2,0
111,22,3,1,0,5,0
112,22,3,2,21,5,0
113,22,3,4,12,6,0
114,22,3,5,0,6,0
115,23,4,0,0,7,0
116,23,4,1,0,8,0
117,23,4,2,8,7,0
118,23,4,3,28,6,0
119,23,4,5,0,4,0
120,24,2,0,0,7,0
121,24,2,1,0,4,0
122,24,2,3,24,7,0
123,24,2,4,3,7,0
124,24,2,5,0,7,0
125,25,2,0,0,6,0
126,25,2,1,0,4,0
127,25,2,3,23,6,0
128,25,2,4,1,7,0
129,25,2,5,0,7,0
130,26,3,0,0,4,0
131,26,3,1,0,7,0
132,26,3,2,30,8,0
133,26,3,4,3,4,0
134,26,3,5,0,4,0
135,27,2,0,0,6,0
136,27,2,1,0,2,0
137,27,2,3,24,6,0
138,27,2,4,1,9,0
139,27,2,5,0,9,0
140,28,2,0,0,6,0
141,28,2,1,0,4,0
142,28,2,3,6,6,0
143,28,2,4,0,7,0
144,28,2,5,0,7,0
145,29,3,0,0,4,0
146,29,3,1,0,6,0
147,29,3,2,17,6,0
148,29,3,4,5,5,0
149,29,3,5,0,5,0
150,30,2,0,0,8,0
151,30,2,1,0,5,0
152,30,2,3,11,8,0
153,30,2,4,0,8,0
154,30,2,5,0,8,0
155,31,2,0,0,4,0
156,31,2,1,0,5,0
157,31,2,3,37,4,0
158,31,2,4,1,6,0
159,31,2,5,0,6,0
160,32,3,0,0,4,0
161,32,3,1,0,7,0
162,32,3,2,34,7,0
163,32,3,4,0,4,0
164,32,3,5,0,4,0
165,33,2,0,0,6,0
166,33,2,1,0,4,0
167,33,2,3,20,7,0
168,33,2,4,5,7,0
169,33,2,5,0,7,0
170,34,2,0,0,7,0
171,34,2,1,0,5,0
172,34,2,3,22,7,0
173,34,2,4,2,6,0
174,34,2,5,0,6,0
175,35,2,0,0,7,0
176,35,2,1,0,4,0
177,35,2,3,8,7,0
178,35,2,4,0,8,0
179,35,2,5,0,7,0
180,36,3,0,0,6,0
181,36,3,1,0,8,0
182,36,3,2,16,8,0
183,36,3,4,0,3,0
184,36,3,5,0,3,0
185,37,3,0,0,5,0
186,37,3,1,0,5,0
187,37,3,2,25,6,0
188,37,3,4,6,6,0
189,37,3,5,0,5,0
190,38,3,0,0,6,0
191,38,3,1,0,4,0
192,38,3,2,28,5,0
193,38,3,4,3,7,0
194,38,3,5,0,7,0
195,39,3,0,0,7,0
196,39,3,1,0,8,0
197,39,3,2,15,8,0
198,39,3,4,1,3,0
199,39,3,5,0,3,0
200,40,2,0,0,6,0
201,40,2,1,0,4,0
202,40,2,3,35,7,0
203,40,2,4,2,7,0
204,40,2,5,0,7,0
205,41,2,0,0,7,0
206,41,2,1,0,2,0
207,41,2,3,8,7,0
208,41,2,4,1,9,0
209,41,2,5,0,8,0
210,42,3,0,0,3,0
211,42,3,1,0,8,0
212,42,3,2,18,8,0
213,42,3,4,10,4,0
214,42,3,5,0,3,0
215,43,2,0,0,7,0
216,43,2,1,0,4,0
217,43,2,3,5,7,0
218,43,2,4,0,7,0
219,43,2,5,0,6,0
220,44,3,0,0,5,0
221,44,3,1,0,5,0
222,44,3,2,28,5,0
223,44,3,4,7,6,0
224,44,3,5,0,6,0
225,45,3,0,0,4,0
226,45,3,1,0,5,0
227,45,3,2,27,6,0
228,45,3,4,6,6,0
229,45,3,5,0,6,0
230,46,3,0,0,2,0
231,46,3,1,0,7,0
232,46,3,2,14,7,0
233,46,3,4,0,4,0
234,46,3,5,0,4,0
235,47,2,0,0,6,0
236,47,2,1,0,5,0
237,47,2,3,38,6,0
238,47,2,4,4,6,0
239,47,2,5,0,6,0
240,48,2,0,0,7,0
241,48,2,1,0,5,0
242,48,2,3,23,7,0
243,48,2,4,0,7,0
244,48,2,5,0,7,0
245,49,3,0,0,5,0
246,49,3,1,0,4,0
247,49,3,2,17,5,0
248,49,3,4,4,7,0
249,49,3,5,0,7,0
250,50,2,0,0,8,0
251,50,2,1,0,3,0
252,50,2,3,2,8,0
253,50,2,4,0,8,0
254,50,2,5,0,8,0
255,51,2,0,0,7,0
256,51,2,1,0,5,0
257,51,2,3,40,7,0
258,51,2,4,0,7,0
259,51,2,5,0,6,0
260,52,3,0,0,7,0
261,52,3,1,0,4,0
262,52,3,2,16,4,0
263,52,3,4,0,7,0
264,52,3,5,0,7,0
265,53,3,0,0,3,0
266,53,3,1,0,5,0
267,53,3,2,39,5,0
268,53,3,4,7,6,0
269,53,3,5,0,6,0
270,54,2,0,0,8,0
271,54,2,1,0,2,0
272,54,2,3,13,9,0
273,54,2,4,0,9,0
274,54,2,5,0,9,0
275,55,2,0,0,8,0
276,55,2,1,0,2,0
277,55,2,3,8,8,0
278,55,2,4,0,9,0
279,55,2,5,0,9,0
280,56,3,0,0,2,0
281,56,3,1,0,6,0
282,56,3,2,11,6,0
283,56,3,4,0,5,0
284,56,3,5,0,5,0
285,57,2,0,0,5,0
286,57,2,1,0,3,0
287,57,2,3,36,5,0
288,57,2,4,0,7,0
289,57,2,5,0,6,0
290,58,3,0,0,1,0
291,58,3,1,0,7,0
292,58,3,2,16,7,0
293,58,3,4,1,4,0
294,58,3,5,0,4,0
295,59,2,0,0,6,0
296,59,2,1,0,3,0
297,59,2,3,25,6,0
298,59,2,4,1,8,0
299,59,2,5,0,8,0
300,60,3,0,0,3,0
301,60,3,1,0,5,0
302,60,3,2,39,6,0
303,60,3,4,1,6,0
304,60,3,5,0,6,0
305,61,3,0,0,2,0
306,61,3,1,0,5,0
307,61,3,2,13,7,0
308,61,3,4,6,6,0
309,61,3,5,0,5,0
310,62,2,0,0,5,0
311,62,2,1,0,6,0
312,62,2,3,17,5,0
313,62,2,4,0,6,0
314,62,2,5,0,4,0
315,63,2,0,0,5,0
316,63,2,1,0,5,0
317,63,2,3,18,6,0
318,63,2,4,1,7,0
319,63,2,5,0,6,0
320,64,3,0,0,7,0
321,64,3,1,0,9,0
322,64,3,2,19,9,0
323,64,3,4,37,2,0
324,64,3,5,0,2,0
325,65,2,0,0,7,0
326,65,2,1,0,4,0
327,65,2,3,36,7,0
328,65,2,4,0,7,0
329,65,2,5,0,7,0
330,66,3,0,0,7,0
331,66,3,1,0,7,0
332,66,3,2,5,7,0
333,66,3,4,10,4,0
334,66,3,5,0,4,0
335,67,2,0,0,8,0
336,67,2,1,0,3,0
337,67,2,3,18,8,0
338,67,2,4,1,8,0
339,67,2,5,0,8,0
340,68,3,0,0,5,0
341,68,3,1,0,8,0
342,68,3,2,27,8,0
343,68,3,4,20,3,0
344,68,3,5,0,3,0
345,69,2,0,0,7,0
346,69,2,1,0,4,0
347,69,2,3,9,7,0
348,69,2,4,1,7,0
349,69,2,5,0,7,0
350,70,3,0,0,6,0
351,70,3,1,0,7,0
352,70,3,2,21,7,0
353,70,3,4,17,4,0
354,70,3,5,0,4,0
355,71,2,0,0,8,0
356,71,2,1,0,2,0
357,71,2,3,11,8,0
358,71,2,4,0,9,0
359,71,2,5,0,8,0
360,72,3,0,0,5,0
361,72,3,1,0,7,0
362,72,3,2,38,7,0
363,72,3,4,8,4,0
364,72,3,5,0,4,0
365,73,3,0,0,1,0
366,73,3,1,0,7,0
367,73,3,2,20,7,0
368,73,3,4,0,4,0
369,73,3,5,0,4,0
370,74,3,0,0,4,0
371,74,3,1,0,6,0
372,74,3,2,5,7,0
373,74,3,4,6,5,0
374,74,3,5,0,4,0
375,75,2,0,0,8,0
376,75,2,1,0,3,0
377,75,2,3,17,8,0
378,75,2,4,1,8,0
379,75,2,5,0,8,0
380,76,4,0,0,6,0
381,76,4,1,0,7,0
382,76,4,2,39,7,0
383,76,4,3,19,6,0
384,76,4,5,0,4,0
385,77,3,0,0,3,0
386,77,3,1,0,7,0
387,77,3,2,39,8,0
388,77,3,4,0,5,0
389,77,3,5,0,3,0
390,78,3,0,0,4,0
391,78,3,1,0,5,0
392,78,3,2,43,5,0
393,78,3,4,7,6,0
394,78,3,5,0,6,0
395,79,3,0,0,7,0
396,79,3,1,0,8,0
397,79,3,2,41,8,0
398,79,3,4,7,3,0
399,79,3,5,0,3,0
400,80,2,0,0,7,0
401,80,2,1,0,3,0
402,80,2,3,14,8,0
403,80,2,4,0,8,0
404,80,2,5,0,8,0
405,81,3,0,0,7,0
406,81,3,1,0,8,0
407,81,3,2,8,8,0
408,81,3,4,16,3,0
409,81,3,5,0,3,0
410,82,2,0,0,6,0
411,82,2,1,0,4,0
412,82,2,3,37,6,0
413,82,2,4,2,7,0
414,82,2,5,0,7,0
415,83,3,0,0,4,0
416,83,3,1,0,5,0
417,83,3,2,18,7,0
418,83,3,4,0,6,0
419,83,3,5,0,4,0
420,84,3,0,0,3,0
421,84,3,1,0,5,0
422,84,3,2,23,7,0
423,84,3,4,1,6,0
424,84,3,5,0,5,0
425,85,3,0,0,7,0
426,85,3,1,0,9,0
427,85,3,2,21,9,0
428,85,3,4,26,3,0
429,85,3,5,0,2,0
430,86,2,0,0,6,0
431,86,2,1,0,5,0
432,86,2,3,11,6,0
433,86,2,4,0,6,0
434,86,2,5,0,6,0
435,87,3,0,0,4,0
436,87,3,1,0,7,0
437,87,3,2,18,7,0
438,87,3,4,0,4,0
439,87,3,5,0,4,0
440,88,3,0,0,0,0
441,88,3,1,0,7,0
442,88,3,2,23,8,0
443,88,3,4,0,4,0
444,88,3,5,0,3,0
445,89,2,0,0,7,0
446,89,2,1,0,3,0
447,89,2,3,29,7,0
448,89,2,4,1,8,0
449,89,2,5,0,7,0
450,90,3,0,0,1,0
451,90,3,1,0,5,0
452,90,3,2,29,5,0
453,90,3,4,0,6,0
454,90,3,5,0,6,0
455,91,2,0,0,2,0
456,91,2,1,0,8,0
457,91,2,3,27,2,0
458,91,2,4,0,3,0
459,91,2,5,0,3,0
460,92,3,0,0,5,0
461,92,3,1,0,5,0
462,92,3,2,28,5,0
463,92,3,4,2,6,0
464,92,3,5,0,6,0
465,93,3,0,0,3,0
466,93,3,1,0,6,0
467,93,3,2,17,6,0
468,93,3,4,3,5,0
469,93,3,5,0,5,0
470,94,2,0,0,6,0
471,94,2,1,0,5,0
472,94,2,3,9,6,0
473,94,2,4,0,6,0
474,94,2,5,0,6,0
475,95,3,0,0,4,0
476,95,3,1,0,5,0
477,95,3,2,34,5,0
478,95,3,4,3,6,0
479,95,3,5,0,6,0
480,96,2,0,0,5,0
481,96,2,1,0,5,0
482,96,2,3,1,5,0
483,96,2,4,3,6,0
484,96,2,5,0,6,0
485,97,3,0,0,2,0
486,97,3,1,0,7,0
487,97,3,2,26,8,0
488,97,3,4,5,5,0
489,97,3,5,0,4,0
490,98,2,0,0,8,0
491,98,2,1,0,3,0
492,98,2,3,26,8,0
493,98,2,4,0,8,0
494,98,2,5,0,8,0
495,99,2,0,0,4,0
496,99,2,1,0,5,0
497,99,2,3,31,5,0
498,99,2,4,1,6,0
499,99,2,5,0,6,0
500,100,2,0,0,7,0
501,100,2,1,0,4,0
502,100,2,3,22,7,0
503,100,2,4,3,7,0
504,100,2,5,0,7,0
505,101,2,0,0,7,0
506,101,2,1,0,4,0
507,101,2,3,29,7,0
508,101,2,4,3,7,0
509,101,2,5,0,7,0
510,102,3,0,0,2,0
511,102,3,1,0,7,0
512,102,3,2,18,7,0
513,102,3,4,0,5,0
514,102,3,5,0,4,0
515,103,3,0,0,3,0
516,103,3,1,0,6,0
517,103,3,2,11,6,0
518,103,3,4,2,5,0
519,103,3,5,0,5,0
520,104,3,0,0,4,0
521,104,3,1,0,6,0
522,104,3,2,21,7,0
523,104,3,4,6,5,0
524,104,3,5,0,4,0
525,105,3,0,0,2,0
526,105,3,1,0,8,0
527,105,3,2,15,9,0
528,105,3,4,4,3,0
529,105,3,5,0,2,0
530,106,3,0,0,5,0
531,106,3,1,0,6,0
532,106,3,2,36,6,0
533,106,3,4,8,5,0
534,106,3,5,0,5,0
535,107,2,0,0,7,0
536,107,2,1,0,3,0
537,107,2,3,10,8,0
538,107,2,4,1,8,0
539,107,2,5,0,8,0
540,108,3,0,0,3,0
541,108,3,1,0,7,0
542,108,3,2,40,7,0
543,108,3,4,3,4,0
544,108,3,5,0,4,0
545,109,2,0,0,7,0
546,109,2,1,0,3,0
547,109,2,3,27,8,0
548,109,2,4,2,8,0
549,109,2,5,0,8,0
550,110,4,0,0,9,0
551,110,4,1,0,7,0
552,110,4,2,38,7,0
553,110,4,3,2,6,0
554,110,4,5,0,4,0
555,111,2,0,0,7,0
556,111,2,1,0,3,0
557,111,2,3,11,8,0
558,111,2,4,1,8,0
559,111,2,5,0,8,0
560,112,3,0,0,5,0
561,112,3,1,0,5,0
562,112,3,2,33,5,0
563,112,3,4,3,6,0
564,112,3,5,0,6,0
565,113,2,0,0,5,0
566,113,2,1,0,4,0
567,113,2,3,1,5,0
568,113,2,4,0,6,0
569,113,2,5,0,6,0
570,114,3,0,0,5,0
571,114,3,1,0,5,0
572,114,3,2,13,6,0
573,114,3,4,2,6,0
574,114,3,5,0,6,0
575,115,3,0,0,3,0
576,115,3,1,0,5,0
577,115,3,2,17,6,0
578,115,3,4,9,6,0
579,115,3,5,0,6,0
580,116,3,0,0,5,0
581,116,3,1,0,5,0
582,116,3,2,11,5,0
583,116,3,4,29,6,0
584,116,3,5,0,6,0
585,117,2,0,0,6,0
586,117,2,1,0,3,0
587,117,2,3,27,7,0
588,117,2,4,0,7,0
589,117,2,5,0,7,0
590,118,2,0,0,7,0
591,118,2,1,0,3,0
592,118,2,3,14,7,0
593,118,2,4,0,9,0
594,118,2,5,0,8,0
595,119,3,0,0,2,0
596,119,3,1,0,5,0
597,119,3,2,20,6,0
598,119,3,4,5,6,0
599,119,3,5,0,5,0
600,120,3,0,0,6,0
601,120,3,1,0,8,0
602,120,3,2,37,9,0
603,120,3,4,5,4,0
604,120,3,5,0,2,0
605,121,2,0,0,8,0
606,121,2,1,0,3,0
607,121,2,3,24,8,0
608,121,2,4,5,9,0
609,121,2,5,0,8,0
610,122,2,0,0,3,0
611,122,2,1,0,5,0
612,122,2,3,31,5,0
613,122,2,4,0,5,0
614,122,2,5,0,5,0
615,123,2,0,0,7,0
616,123,2,1,0,3,0
617,123,2,3,29,7,0
618,123,2,4,0,8,0
619,123,2,5,0,8,0
620,124,2,0,0,6,0
621,124,2,1,0,4,0
622,124,2,3,27,6,0
623,124,2,4,2,7,0
624,124,2,5,0,7,0
625,125,2,0,0,7,0
626,125,2,1,0,4,0
627,125,2,3,24,7,0
628,125,2,4,4,8,0
629,125,2,5,0,8,0
630,126,3,0,0,2,0
631,126,3,1,0,8,0
632,126,3,2,23,8,0
633,126,3,4,0,3,0
634,126,3,5,0,3,0
635,127,3,0,0,5,0
636,127,3,1,0,4,0
637,127,3,2,27,6,0
638,127,3,4,1,7,0
639,127,3,5,0,7,0
640,128,2,0,0,6,0
641,128,2,1,0,2,0
642,128,2,3,35,6,0
643,128,2,4,0,9,0
644,128,2,5,0,9,0
645,129,3,0,0,4,0
646,129,3,1,0,6,0
647,129,3,2,24,7,0
648,129,3,4,1,5,0
649,129,3,5,0,5,0
650,130,3,0,0,5,0
651,130,3,1,0,7,0
652,130,3,2,38,7,0
653,130,3,4,8,4,0
654,130,3,5,0,4,0
655,131,2,0,0,8,0
656,131,2,1,0,3,0
657,131,2,3,24,8,0
658,131,2,4,1,8,0
659,131,2,5,0,8,0
660,132,2,0,0,8,0
661,132,2,1,0,4,0
662,132,2,3,5,8,0
663,132,2,4,0,7,0
664,132,2,5,0,7,0
665,133,3,0,0,4,0
666,133,3,1,0,7,0
667,133,3,2,11,7,0
668,133,3,4,27,5,0
669,133,3,5,0,4,0
670,134,3,0,0,5,0
671,134,3,1,0,4,0
672,134,3,2,17,5,0
673,134,3,4,4,7,0
674,134,3,5,0,7,0
675,135,2,0,0,7,0
676,135,2,1,0,4,0
677,135,2,3,16,7,0
678,135,2,4,0,8,0
679,135,2,5,0,7,0
680,136,2,0,0,5,0
681,136,2,1,0,5,0
682,136,2,3,30,6,0
683,136,2,4,2,6,0
684,136,2,5,0,6,0
685,137,2,0,0,5,0
686,137,2,1,0,6,0
687,137,2,3,11,5,0
688,137,2,4,0,5,0
689,137,2,5,0,5,0
690,138,2,0,0,8,0
691,138,2,1,0,4,0
692,138,2,3,12,8,0
693,138,2,4,4,7,0
694,138,2,5,0,7,0
695,139,3,0,0,3,0
696,139,3,1,0,5,0
697,139,3,2,20,8,0
698,139,3,4,2,6,0
699,139,3,5,0,5,0
700,140,2,0,0,5,0
701,140,2,1,0,6,0
702,140,2,3,39,5,0
703,140,2,4,4,5,0
704,140,2,5,0,5,0
705,141,3,0,0,5,0
706,141,3,1,0,4,0
707,141,3,2,37,4,0
708,141,3,4,3,7,0
709,141,3,5,0,7,0
710,142,3,0,0,7,0
711,142,3,1,0,9,0
712,142,3,2,15,9,0
713,142,3,4,0,2,0
714,142,3,5,0,2,0
715,143,3,0,0,6,0
716,143,3,1,0,4,0
717,143,3,2,22,5,0
718,143,3,4,5,7,0
719,143,3,5,0,6,0
720,144,3,0,0,5,0
721,144,3,1,0,5,0
722,144,3,2,31,5,0
723,144,3,4,6,6,0
724,144,3,5,0,6,0
725,145,2,0,0,7,0
726,145,2,1,0,3,0
727,145,2,3,12,7,0
728,145,2,4,0,8,0
729,145,2,5,0,8,0
730,146,3,0,0,3,0
731,146,3,1,0,5,0
732,146,3,2,14,5,0
733,146,3,4,18,6,0
734,146,3,5,0,6,0
735,147,3,0,0,5,0
736,147,3,1,0,5,0
737,147,3,2,20,5,0
738,147,3,4,0,6,0
739,147,3,5,0,6,0
740,148,3,0,0,0,0
741,148,3,1,0,7,0
742,148,3,2,38,7,0
743,148,3,4,0,4,0
744,148,3,5,0,4,0
745,149,2,0,0,8,0
746,149,2,1,0,4,0
747,149,2,3,3,8,0
748,149,2,4,0,7,0
749,149,2,5,0,7,0
750,150,3,0,0,3,0
751,150,3,1,0,5,0
752,150,3,2,18,6,0
753,150,3,4,1,6,0
754,150,3,5,0,6,0
755,151,3,0,0,3,0
756,151,3,1,0,8,0
757,151,3,2,14,8,0
758,151,3,4,0,3,0
759,151,3,5,0,3,0
760,152,2,0,0,9,0
761,152,2,1,0,2,0
762,152,2,3,15,9,0
763,152,2,4,0,10,0
764,152,2,5,0,10,0
765,153,3,0,0,3,0
766,153,3,1,0,5,0
767,153,3,2,26,6,0
768,153,3,4,0,6,0
769,153,3,5,0,6,0
770,154,3,0,0,5,0
771,154,3,1,0,7,0
772,154,3,2,38,7,0
773,154,3,4,8,4,0
774,154,3,5,0,4,0
775,155,3,0,0,1,0
776,155,3,1,0,6,0
777,155,3,2,25,7,0
778,155,3,4,2,5,0
779,155,3,5,0,4,0
780,156,2,0,0,7,0
781,156,2,1,0,4,0
782,156,2,3,15,7,0
783,156,2,4,1,7,0
784,156,2,5,0,7,0
785,157,3,0,0,4,0
786,157,3,1,0,6,0
787,157,3,2,24,6,0
788,157,3,4,5,6,0
789,157,3,5,0,5,0
790,158,2,0,0,4,0
791,158,2,1,0,6,0
792,158,2,3,28,5,0
793,158,2,4,1,5,0
794,158,2,5,0,5,0
795,159,3,0,0,3,0
796,159,3,1,0,7,0
797,159,3,2,13,7,0
798,159,3,4,0,5,0
799,159,3,5,0,4,0
800,160,3,0,0,4,0
801,160,3,1,0,7,0
802,160,3,2,13,7,0
803,160,3,4,12,4,0
804,160,3,5,0,4,0
805,161,2,0,0,5,0
806,161,2,1,0,5,0
807,161,2,3,31,5,0
808,161,2,4,3,6,0
809,161,2,5,0,6,0
810,162,3,0,0,4,0
811,162,3,1,0,5,0
812,162,3,2,23,6,0
813,162,3,4,7,6,0
814,162,3,5,0,6,0
815,163,2,0,0,7,0
816,163,2,1,0,4,0
817,163,2,3,3,7,0
818,163,2,4,3,8,0
819,163,2,5,0,7,0
820,164,2,0,0,7,0
821,164,2,1,0,2,0
822,164,2,3,21,7,0
823,164,2,4,2,9,0
824,164,2,5,0,8,0
825,165,3,0,0,4,0
826,165,3,1,0,5,0
827,165,3,2,19,6,0
828,165,3,4,1,6,0
829,165,3,5,0,6,0
830,166,2,0,0,7,0
831,166,2,1,0,2,0
832,166,2,3,13,7,0
833,166,2,4,0,8,0
834,166,2,5,0,8,0
835,167,2,0,0,4,0
836,167,2,1,0,6,0
837,167,2,3,22,4,0
838,167,2,4,0,6,0
839,167,2,5,0,5,0
840,168,2,0,0,6,0
841,168,2,1,0,4,0
842,168,2,3,6,7,0
843,168,2,4,0,7,0
844,168,2,5,0,7,0
845,169,2,0,0,9,0
846,169,2,1,0,3,0
847,169,2,3,3,9,0
848,169,2,4,0,8,0
849,169,2,5,0,8,0
850,170,2,0,0,5,0
851,170,2,1,0,4,0
852,170,2,3,9,5,0
853,170,2,4,1,7,0
854,170,2,5,0,7,0
855,171,2,0,0,7,0
856,171,2,1,0,4,0
857,171,2,3,28,7,0
858,171,2,4,1,7,0
859,171,2,5,0,7,0
860,172,3,0,0,6,0
861,172,3,1,0,7,0
862,172,3,2,13,7,0
863,172,3,4,12,4,0
864,172,3,5,0,4,0
865,173,2,0,0,7,0
866,173,2,1,0,3,0
867,173,2,3,19,8,0
868,173,2,4,0,8,0
869,173,2,5,0,8,0
870,174,2,0,0,2,0
871,174,2,1,0,9,0
872,174,2,3,35,2,0
873,174,2,4,6,2,0
874,174,2,5,0,2,0
875,175,3,0,0,3,0
876,175,3,1,0,6,0
877,175,3,2,30,7,0
878,175,3,4,2,5,0
879,175,3,5,0,4,0
880,176,3,0,0,2,0
881,176,3,1,0,7,0
882,176,3,2,32,8,0
883,176,3,4,6,4,0
884,176,3,5,0,4,0
885,177,2,0,0,7,0
886,177,2,1,0,4,0
887,177,2,3,16,7,0
888,177,2,4,1,7,0
889,177,2,5,0,7,0
890,178,2,0,0,6,0
891,178,2,1,0,4,0
892,178,2,3,5,7,0
893,178,2,4,2,7,0
894,178,2,5,0,7,0
895,179,2,0,0,6,0
896,179,2,1,0,6,0
897,179,2,3,22,6,0
898,179,2,4,0,5,0
899,179,2,5,0,6,0
900,180,2,0,0,8,0
901,180,2,1,0,3,0
902,180,2,3,26,8,0
903,180,2,4,7,8,0
904,180,2,5,0,8,0
905,181,3,0,0,6,0
906,181,3,1,0,10,0
907,181,3,2,15,10,1
908,181,3,4,0,1,0
909,181,3,5,0,1,0
910,182,2,0,0,5,0
911,182,2,1,0,6,0
912,182,2,3,7,5,0
913,182,2,4,1,6,0
914,182,2,5,0,6,0
915,183,4,0,0,7,0
916,183,4,1,0,8,0
917,183,4,2,3,8,0
918,183,4,3,34,6,0
919,183,4,5,0,3,0
920,184,2,0,0,7,0
921,184,2,1,0,4,0
922,184,2,3,25,7,0
923,184,2,4,0,7,0
924,184,2,5,0,7,0
925,185,3,0,0,5,0
926,185,3,1,0,6,0
927,185,3,2,36,7,0
928,185,3,4,30,5,0
929,185,3,5,0,4,0
930,186,2,0,0,5,0
931,186,2,1,0,5,0
932,186,2,3,37,6,0
933,186,2,4,1,6,0
934,186,2,5,0,6,0
935,187,3,0,0,3,0
936,187,3,1,0,5,0
937,187,3,2,27,6,0
938,187,3,4,1,6,0
939,187,3,5,0,6,0
940,188,4,0,0,9,0
941,188,4,1,0,9,0
942,188,4,2,7,8,0
943,188,4,3,25,6,0
944,188,4,5,0,3,0
945,189,2,0,0,7,0
946,189,2,1,0,3,0
947,189,2,3,19,8,0
948,189,2,4,0,8,0
949,189,2,5,0,8,0
950,190,3,0,0,4,0
951,190,3,1,0,5,0
952,190,3,2,39,5,0
953,190,3,4,6,6,0
954,190,3,5,0,6,0
955,191,3,0,0,3,0
956,191,3,1,0,6,0
957,191,3,2,36,7,0
958,191,3,4,0,5,0
959,191,3,5,0,5,0
960,192,3,0,0,4,0
961,192,3,1,0,4,0
962,192,3,2,25,6,0
963,192,3,4,0,7,0
964,192,3,5,0,7,0
965,193,4,0,0,7,0
966,193,4,1,0,9,0
967,193,4,2,10,9,0
968,193,4,3,33,4,0
969,193,4,5,0,2,0
970,194,3,0,0,4,0
971,194,3,1,0,4,0
972,194,3,2,41,5,0
973,194,3,4,1,8,0
974,194,3,5,0,7,0
975,195,2,0,0,6,0
976,195,2,1,0,4,0
977,195,2,3,32,6,0
978,195,2,4,2,7,0
979,195,2,5,0,7,0
980,196,2,0,0,7,0
981,196,2,1,0,4,0
982,196,2,3,15,7,0
983,196,2,4,0,7,0
984,196,2,5,0,7,0
985,197,2,0,0,5,0
986,197,2,1,0,5,0
987,197,2,3,23,5,0
988,197,2,4,1,7,0
989,197,2,5,0,6,0
990,198,2,0,0,5,0
991,198,2,1,0,5,0
992,198,2,3,30,5,0
993,198,2,4,0,6,0
994,198,2,5,0,6,0
995,199,3,0,0,2,0
996,199,3,1,0,8,0
997,199,3,2,15,9,0
998,199,3,4,4,3,0
999,199,3,5,0,2,0
1000,200,2,0,0,6,0
1001,200,2,1,0,3,0
1002,200,2,3,25,7,0
1003,200,2,4,0,8,0
1004,200,2,5,0,8,0
1005,201,2,0,0,7,0
1006,201,2,1,0,2,0
1007,201,2,3,41,7,0
1008,201,2,4,4,9,0
1009,201,2,5,0,9,0
1010,202,2,0,0,5,0
1011,202,2,1,0,5,0
1012,202,2,3,27,5,0
1013,202,2,4,2,6,0
1014,202,2,5,0,6,0
1015,203,2,0,0,8,0
1016,203,2,1,0,3,0
1017,203,2,3,5,8,0
1018,203,2,4,0,9,0
1019,203,2,5,0,8,0
1020,204,4,0,0,10,0
1021,204,4,1,0,10,0
1022,204,4,2,10,9,0
1023,204,4,3,33,6,0
1024,204,4,5,0,1,0
1025,205,3,0,0,5,0
1026,205,3,1,0,4,0
1027,205,3,2,36,5,0
1028,205,3,4,1,7,0
1029,205,3,5,0,7,0
1030,206,2,0,0,4,0
1031,206,2,1,0,5,0
1032,206,2,3,10,5,0
1033,206,2,4,1,6,0
1034,206,2,5,0,6,0
1035,207,3,0,0,4,0
1036,207,3,1,0,6,0
1037,207,3,2,47,6,0
1038,207,3,4,3,5,0
1039,207,3,5,0,5,0
1040,208,2,0,0,4,0
1041,208,2,1,0,6,0
1042,208,2,3,35,4,0
1043,208,2,4,2,5,0
1044,208,2,5,0,4,0
1045,209,3,0,0,3,0
1046,209,3,1,0,7,0
1047,209,3,2,31,7,0
1048,209,3,4,0,4,0
1049,209,3,5,0,4,0
1050,210,3,0,0,5,0
1051,210,3,1,0,5,0
1052,210,3,2,36,5,0
1053,210,3,4,2,6,0
1054,210,3,5,0,6,0
1055,211,2,0,0,7,0
1056,211,2,1,0,4,0
1057,211,2,3,7,7,0
1058,211,2,4,0,7,0
1059,211,2,5,0,7,0
1060,212,3,0,0,4,0
1061,212,3,1,0,6,0
1062,212,3,2,32,6,0
1063,212,3,4,1,5,0
1064,212,3,5,0,5,0
1065,213,4,0,0,7,0
1066,213,4,1,0,8,0
1067,213,4,2,21,8,0
1068,213,4,3,14,5,0
1069,213,4,5,0,3,0
1070,214,3,0,0,7,0
1071,214,3,1,0,7,0
1072,214,3,2,12,7,0
1073,214,3,4,34,4,0
1074,214,3,5,0,4,0
1075,215,3,0,0,3,0
1076,215,3,1,0,4,0
1077,215,3,2,15,4,0
1078,215,3,4,0,7,0
1079,215,3,5,0,7,0
1080,216,2,0,0,6,0
1081,216,2,1,0,4,0
1082,216,2,3,37,6,0
1083,216,2,4,3,7,0
1084,216,2,5,0,6,0
1085,217,2,0,0,6,0
1086,217,2,1,0,5,0
1087,217,2,3,24,6,0
1088,217,2,4,2,6,0
1089,217,2,5,0,6,0
1090,218,3,0,0,3,0
1091,218,3,1,0,4,0
1092,218,3,2,33,4,0
1093,218,3,4,2,7,0
1094,218,3,5,0,7,0
1095,219,2,0,0,6,0
1096,219,2,1,0,2,0
1097,219,2,3,14,7,0
1098,219,2,4,1,9,0
1099,219,2,5,0,9,0
1100,220,2,0,0,8,0
1101,220,2,1,0,1,0
1102,220,2,3,10,8,0
1103,220,2,4,0,9,0
1104,220,2,5,0,9,0
1105,221,3,0,0,2,0
1106,221,3,1,0,7,0
1107,221,3,2,41,7,0
1108,221,3,4,1,4,0
1109,221,3,5,0,4,0
1110,222,3,0,0,7,0
1111,222,3,1,0,7,0
1112,222,3,2,21,7,0
1113,222,3,4,9,4,0
1114,222,3,5,0,4,0
1115,223,3,0,0,4,0
1116,223,3,1,0,6,0
1117,223,3,2,24,7,0
1118,223,3,4,1,5,0
1119,223,3,5,0,5,0
1120,224,2,0,0,6,0
1121,224,2,1,0,5,0
1122,224,2,3,39,6,0
1123,224,2,4,1,6,0
1124,224,2,5,0,6,0
1125,225,2,0,0,7,0
1126,225,2,1,0,3,0
1127,225,2,3,21,7,0
1128,225,2,4,0,8,0
1129,225,2,5,0,8,0
1130,226,2,0,0,6,0
1131,226,2,1,0,4,0
1132,226,2,3,16,6,0
1133,226,2,4,0,7,0
1134,226,2,5,0,7,0
1135,227,3,0,0,9,0
1136,227,3,1,0,8,0
1137,227,3,2,7,8,0
1138,227,3,4,12,3,0
1139,227,3,5,0,3,0
1140,228,2,0,0,5,0
1141,228,2,1,0,6,0
1142,228,2,3,16,5,0
1143,228,2,4,0,5,0
1144,228,2,5,0,5,0
1145,229,2,0,0,4,0
1146,229,2,1,0,5,0
1147,229,2,3,24,5,0
1148,229,2,4,2,6,0
1149,229,2,5,0,6,0
1150,230,2,0,0,5,0
1151,230,2,1,0,6,0
1152,230,2,3,17,5,0
1153,230,2,4,0,5,0
1154,230,2,5,0,5,0
1155,231,2,0,0,8,0
1156,231,2,1,0,3,0
1157,231,2,3,17,8,0
1158,231,2,4,0,8,0
1159,231,2,5,0,8,0
1160,232,4,0,0,7,0
1161,232,4,1,0,7,0
1162,232,4,2,7,7,0
1163,232,4,3,15,3,0
1164,232,4,5,0,4,0
1165,233,3,0,0,2,0
1166,233,3,1,0,7,0
1167,233,3,2,11,8,0
1168,233,3,4,0,4,0
1169,233,3,5,0,4,0
1170,234,3,0,0,1,0
1171,234,3,1,0,6,0
1172,234,3,2,19,6,0
1173,234,3,4,11,5,0
1174,234,3,5,0,5,0
1175,235,3,0,0,2,0
1176,235,3,1,0,8,0
1177,235,3,2,15,9,0
1178,235,3,4,4,3,0
1179,235,3,5,0,2,0
1180,236,2,0,0,5,0
1181,236,2,1,0,5,0
1182,236,2,3,28,5,0
1183,236,2,4,4,6,0
1184,236,2,5,0,6,0
1185,237,3,0,0,3,0
1186,237,3,1,0,5,0
1187,237,3,2,23,7,0
1188,237,3,4,1,6,0
1189,237,3,5,0,5,0
1190,238,2,0,0,10,0
1191,238,2,1,0,1,0
1192,238,2,3,25,10,7
1193,238,2,4,0,10,0
1194,238,2,5,0,10,0
1195,239,2,0,0,5,0
1196,239,2,1,0,5,0
1197,239,2,3,3,5,0
1198,239,2,4,0,6,0
1199,239,2,5,0,6,0
1200,240,3,0,0,2,0
1201,240,3,1,0,6,0
1202,240,3,2,25,6,0
1203,240,3,4,8,5,0
1204,240,3,5,0,5,0
1205,241,2,0,0,8,0
1206,241,2,1,0,3,0
1207,241,2,3,13,7,0
1208,241,2,4,1,8,0
1209,241,2,5,0,9,0
1210,242,3,0,0,2,0
1211,242,3,1,0,4,0
1212,242,3,2,34,6,0
1213,242,3,4,1,7,0
1214,242,3,5,0,7,0
1215,243,3,0,0,1,0
1216,243,3,1,0,8,0
1217,243,3,2,15,8,0
1218,243,3,4,0,3,0
1219,243,3,5,0,3,0
1220,244,3,0,0,6,0
1221,244,3,1,0,5,0
1222,244,3,2,43,5,0
1223,244,3,4,3,5,0
1224,244,3,5,0,5,0
1225,245,2,0,0,4,0
1226,245,2,1,0,5,0
1227,245,2,3,30,5,0
1228,245,2,4,5,6,0
1229,245,2,5,0,6,0
1230,246,3,0,0,3,0
1231,246,3,1,0,5,0
1232,246,3,2,27,7,0
1233,246,3,4,2,6,0
1234,246,3,5,0,6,0
1235,247,2,0,0,8,0
1236,247,2,1,0,2,0
1237,247,2,3,17,9,0
1238,247,2,4,0,9,0
1239,247,2,5,0,8,0
1240,248,4,0,0,6,0
1241,248,4,1,0,7,0
1242,248,4,2,7,8,0
1243,248,4,3,31,5,0
1244,248,4,5,0,4,0
1245,249,2,0,0,5,0
1246,249,2,1,0,5,0
1247,249,2,3,2,5,0
1248,249,2,4,0,6,0
1249,249,2,5,0,6,0
1250,250,3,0,0,4,0
1251,250,3,1,0,3,0
1252,250,3,2,38,4,0
1253,250,3,4,1,8,0
1254,250,3,5,0,8,0
1255,251,3,0,0,3,0
1256,251,3,1,0,5,0
1257,251,3,2,23,8,0
1258,251,3,4,1,6,0
1259,251,3,5,0,5,0
1260,252,2,0,0,6,0
1261,252,2,1,0,4,0
1262,252,2,3,22,6,0
1263,252,2,4,1,7,0
1264,252,2,5,0,7,0
1265,253,2,0,0,5,0
1266,253,2,1,0,4,0
1267,253,2,3,17,6,0
1268,253,2,4,0,6,0
1269,253,2,5,0,6,0
1270,254,2,0,0,5,0
1271,254,2,1,0,6,0
1272,254,2,3,40,5,0
1273,254,2,4,1,5,0
1274,254,2,5,0,5,0
1275,255,2,0,0,6,0
1276,255,2,1,0,3,0
1277,255,2,3,10,6,0
1278,255,2,4,0,8,0
1279,255,2,5,0,7,0
1280,256,3,0,0,5,0
1281,256,3,1,0,4,0
1282,256,3,2,41,4,0
1283,256,3,4,3,7,0
1284,256,3,5,0,7,0
1285,257,3,0,0,3,0
1286,257,3,1,0,5,0
1287,257,3,2,13,5,0
1288,257,3,4,1,6,0
1289,257,3,5,0,6,0
1290,258,3,0,0,4,0
1291,258,3,1,0,6,0
1292,258,3,2,10,6,0
1293,258,3,4,3,5,0
1294,258,3,5,0,5,0
1295,259,4,0,0,9,0
1296,259,4,1,0,7,0
1297,259,4,2,32,7,0
1298,259,4,3,0,7,0
1299,259,4,5,0,4,0
1300,260,3,0,0,2,0
1301,260,3,1,0,7,0
1302,260,3,2,31,7,0
1303,260,3,4,0,4,0
1304,260,3,5,0,4,0
1305,261,3,0,0,5,0
1306,261,3,1,0,6,0
1307,261,3,2,11,6,0
1308,261,3,4,24,5,0
1309,261,3,5,0,5,0
1310,262,2,0,0,7,0
1311,262,2,1,0,4,0
1312,262,2,3,16,7,0
1313,262,2,4,1,7,0
1314,262,2,5,0,7,0
1315,263,4,0,0,7,0
1316,263,4,1,0,7,0
1317,263,4,2,6,7,0
1318,263,4,3,34,6,0
1319,263,4,5,0,4,0
1320,264,3,0,0,4,0
1321,264,3,1,0,5,0
1322,264,3,2,25,6,0
1323,264,3,4,3,6,0
1324,264,3,5,0,6,0
1325,265,3,0,0,8,0
1326,265,3,1,0,9,0
1327,265,3,2,11,8,0
1328,265,3,4,0,2,0
1329,265,3,5,0,3,0
1330,266,2,0,0,8,0
1331,266,2,1,0,2,0
1332,266,2,3,13,8,0
1333,266,2,4,0,10,0
1334,266,2,5,0,10,0
1335,267,2,0,0,8,0
1336,267,2,1,0,2,0
1337,267,2,3,5,8,0
1338,267,2,4,0,9,0
1339,267,2,5,0,8,0
1340,268,3,0,0,2,0
1341,268,3,1,0,7,0
1342,268,3,2,23,7,0
1343,268,3,4,0,4,0
1344,268,3,5,0,4,0
1345,269,3,0,0,5,0
1346,269,3,1,0,6,0
1347,269,3,2,32,7,0
1348,269,3,4,22,5,0
1349,269,3,5,0,4,0
1350,270,2,0,0,6,0
1351,270,2,1,0,5,0
1352,270,2,3,37,6,0
1353,270,2,4,4,6,0
1354,270,2,5,0,6,0
1355,271,3,0,0,4,0
1356,271,3,1,0,5,0
1357,271,3,2,37,5,0
1358,271,3,4,0,6,0
1359,271,3,5,0,6,0
1360,272,2,0,0,6,0
1361,272,2,1,0,5,0
1362,272,2,3,31,6,0
1363,272,2,4,0,7,0
1364,272,2,5,0,6,0
1365,273,2,0,0,6,0
1366,273,2,1,0,4,0
1367,273,2,3,2,6,0
1368,273,2,4,2,7,0
1369,273,2,5,0,7,0
1370,274,2,0,0,5,0
1371,274,2,1,0,6,0
1372,274,2,3,27,5,0
1373,274,2,4,6,7,0
1374,274,2,5,0,5,0
1375,275,3,0,0,4,0
1376,275,3,1,0,5,0
1377,275,3,2,41,5,0
1378,275,3,4,1,6,0
1379,275,3,5,0,6,0
1380,276,3,0,0,1,0
1381,276,3,1,0,6,0
1382,276,3,2,24,7,0
1383,276,3,4,3,5,0
1384,276,3,5,0,5,0
1385,277,3,0,0,6,0
1386,277,3,1,0,8,0
1387,277,3,2,39,8,0
1388,277,3,4,1,3,0
1389,277,3,5,0,3,0
1390,278,3,0,0,3,0
1391,278,3,1,0,7,0
1392,278,3,2,36,7,0
1393,278,3,4,0,4,0
1394,278,3,5,0,4,0
1395,279,2,0,0,7,0
1396,279,2,1,0,3,0
1397,279,2,3,16,7,0
1398,279,2,4,0,8,0
1399,279,2,5,0,8,0
1400,280,3,0,0,8,0
1401,280,3,1,0,8,0
1402,280,3,2,17,8,0
1403,280,3,4,16,3,0
1404,280,3,5,0,3,0
1405,281,2,0,0,8,0
1406,281,2,1,0,3,0
1407,281,2,3,16,8,0
1408,281,2,4,1,8,0
1409,281,2,5,0,8,0
1410,282,2,0,0,6,0
1411,282,2,1,0,4,0
1412,282,2,3,28,6,0
1413,282,2,4,3,7,0
1414,282,2,5,0,7,0
1415,283,2,0,0,7,0
1416,283,2,1,0,4,0
1417,283,2,3,25,7,0
1418,283,2,4,0,7,0
1419,283,2,5,0,7,0
1420,284,2,0,0,7,0
1421,284,2,1,0,2,0
1422,284,2,3,20,7,0
1423,284,2,4,2,9,0
1424,284,2,5,0,9,0
1425,285,3,0,0,1,0
1426,285,3,1,0,5,0
1427,285,3,2,34,6,0
1428,285,3,4,15,6,0
1429,285,3,5,0,6,0
1430,286,2,0,0,6,0
1431,286,2,1,0,4,0
1432,286,2,3,5,6,0
1433,286,2,4,1,7,0
1434,286,2,5,0,7,0
1435,287,3,0,0,5,0
1436,287,3,1,0,4,0
1437,287,3,2,37,4,0
1438,287,3,4,3,7,0
1439,287,3,5,0,7,0
1440,288,2,0,0,7,0
1441,288,2,1,0,4,0
1442,288,2,3,25,7,0
1443,288,2,4,1,7,0
1444,288,2,5,0,7,0
1445,289,2,0,0,6,0
1446,289,2,1,0,5,0
1447,289,2,3,26,6,0
1448,289,2,4,18,6,0
1449,289,2,5,0,6,0
1450,290,3,0,0,4,0
1451,290,3,1,0,5,0
1452,290,3,2,44,5,0
1453,290,3,4,3,6,0
1454,290,3,5,0,6,0
1455,291,4,0,0,5,0
1456,291,4,1,0,8,0
1457,291,4,2,7,9,0
1458,291,4,3,37,4,0
1459,291,4,5,0,3,0
1460,292,2,0,0,5,0
1461,292,2,1,0,6,0
1462,292,2,3,30,5,0
1463,292,2,4,12,5,0
1464,292,2,5,0,5,0
1465,293,2,0,0,6,0
1466,293,2,1,0,5,0
1467,293,2,3,29,6,0
1468,293,2,4,1,6,0
1469,293,2,5,0,6,0
1470,294,2,0,0,7,0
1471,294,2,1,0,4,0
1472,294,2,3,0,7,0
1473,294,2,4,0,7,0
1474,294,2,5,0,7,0
1475,295,4,0,0,7,0
1476,295,4,1,0,8,0
1477,295,4,2,17,8,0
1478,295,4,3,41,4,0
1479,295,4,5,0,3,0
1480,296,2,0,0,8,0
1481,296,2,1,0,2,0
1482,296,2,3,15,8,0
1483,296,2,4,0,9,0
1484,296,2,5,0,9,0
1485,297,3,0,0,5,0
1486,297,3,1,0,6,0
1487,297,3,2,7,7,0
1488,297,3,4,32,5,0
1489,297,3,5,0,5,0
1490,298,3,0,0,2,0
1491,298,3,1,0,8,0
1492,298,3,2,15,9,0
1493,298,3,4,0,3,0
1494,298,3,5,0,3,0
1495,299,4,0,0,8,0
1496,299,4,1,0,8,0
1497,299,4,2,12,8,0
1498,299,4,3,27,8,0
1499,299,4,5,0,3,0
1500,300,3,0,0,6,0
1501,300,3,1,0,4,0
1502,300,3,2,39,4,0
1503,300,3,4,4,7,0
1504,300,3,5,0,7,0
1505,301,2,0,0,8,0
1506,301,2,1,0,3,0
1507,301,2,3,17,8,0
1508,301,2,4,0,8,0
1509,301,2,5,0,8,0
1510,302,3,0,0,2,0
1511,302,3,1,0,8,0
1512,302,3,2,28,9,0
1513,302,3,4,0,3,0
1514,302,3,5,0,3,0
1515,303,2,0,0,4,0
1516,303,2,1,0,7,0
1517,303,2,3,37,4,0
1518,303,2,4,1,4,0
1519,303,2,5,0,4,0
1520,304,2,0,0,7,0
1521,304,2,1,0,2,0
1522,304,2,3,12,7,0
1523,304,2,4,0,9,0
1524,304,2,5,0,9,0
1525,305,2,0,0,6,0
1526,305,2,1,0,3,0
1527,305,2,3,15,6,0
1528,305,2,4,1,8,0
1529,305,2,5,0,7,0
1530,306,3,0,0,1,0
1531,306,3,1,0,5,0
1532,306,3,2,30,5,0
1533,306,3,4,6,6,0
1534,306,3,5,0,6,0
1535,307,3,0,0,3,0
1536,307,3,1,0,6,0
1537,307,3,2,30,7,0
1538,307,3,4,2,5,0
1539,307,3,5,0,5,0
1540,308,4,0,0,7,0
1541,308,4,1,0,7,0
1542,308,4,2,9,7,0
1543,308,4,3,27,6,0
1544,308,4,5,0,4,0
1545,309,3,0,0,7,0
1546,309,3,1,0,7,0
1547,309,3,2,14,7,0
1548,309,3,4,38,4,0
1549,309,3,5,0,4,0
1550,310,3,0,0,4,0
1551,310,3,1,0,5,0
1552,310,3,2,14,6,0
1553,310,3,4,1,6,0
1554,310,3,5,0,6,0
1555,311,3,0,0,2,0
1556,311,3,1,0,5,0
1557,311,3,2,19,8,0
1558,311,3,4,2,6,0
1559,311,3,5,0,5,0
1560,312,2,0,0,5,0
1561,312,2,1,0,5,0
1562,312,2,3,23,6,0
1563,312,2,4,0,6,0
1564,312,2,5,0,6,0
1565,313,3,0,0,4,0
1566,313,3,1,0,4,0
1567,313,3,2,37,4,0
1568,313,3,4,3,7,0
1569,313,3,5,0,7,0
1570,314,2,0,0,6,0
1571,314,2,1,0,4,0
1572,314,2,3,20,7,0
1573,314,2,4,5,7,0
1574,314,2,5,0,7,0
1575,315,3,0,0,4,0
1576,315,3,1,0,5,0
1577,315,3,2,21,5,0
1578,315,3,4,0,6,0
1579,315,3,5,0,6,0
1580,316,2,0,0,6,0
1581,316,2,1,0,5,0
1582,316,2,3,25,6,0
1583,316,2,4,8,6,0
1584,316,2,5,0,6,0
1585,317,2,0,0,7,0
1586,317,2,1,0,4,0
1587,317,2,3,17,8,0
1588,317,2,4,2,8,0
1589,317,2,5,0,7,0
1590,318,3,0,0,5,0
1591,318,3,1,0,8,0
1592,318,3,2,17,8,0
1593,318,3,4,32,3,0
1594,318,3,5,0,3,0
1595,319,2,0,0,8,0
1596,319,2,1,0,3,0
1597,319,2,3,24,8,0
1598,319,2,4,0,8,0
1599,319,2,5,0,8,0
,,,,8426,,8
,,,,5.26625,,0.09
